iso3,year,Predicted_In_Need,Predicted_Requirements,Predicted_Funding,iso3_original,Funding_Gap,Risk_Flag
NPL,2026,6432454.0,532057600.0,0.0, |  |  |  |  |  |  | NPL,532057600.0,True
NPL,2027,6432454.0,532057600.0,0.0, |  |  |  |  |  |  | NPL,532057600.0,True
NPL,2028,6432454.0,532057600.0,0.0, |  |  |  |  |  |  | NPL,532057600.0,True
NPL,2029,6432454.0,532057600.0,0.0, |  |  |  |  |  |  | NPL,532057600.0,True
NPL,2030,6432454.0,532057600.0,0.0, |  |  |  |  |  |  | NPL,532057600.0,True
NGA,2026,6432454.0,532057600.0,0.0, |  |  | NGA,532057600.0,True
NGA,2027,6432454.0,532057600.0,0.0, |  |  | NGA,532057600.0,True
NGA,2028,6432454.0,532057600.0,0.0, |  |  | NGA,532057600.0,True
NGA,2029,6432454.0,532057600.0,0.0, |  |  | NGA,532057600.0,True
NGA,2030,6432454.0,532057600.0,0.0, |  |  | NGA,532057600.0,True
PSE,2026,6432454.0,532057600.0,0.0, |  | PSE,532057600.0,True
PSE,2027,6432454.0,532057600.0,0.0, |  | PSE,532057600.0,True
PSE,2028,6432454.0,532057600.0,0.0, |  | PSE,532057600.0,True
PSE,2029,6432454.0,532057600.0,0.0, |  | PSE,532057600.0,True
PSE,2030,6432454.0,532057600.0,0.0, |  | PSE,532057600.0,True
HTI,2026,6432454.0,532057600.0,0.0, | HTI |  |  |  |  |  |  |  |  | ,532057600.0,True
HTI,2027,6432454.0,532057600.0,0.0, | HTI |  |  |  |  |  |  |  |  | ,532057600.0,True
HTI,2028,6432454.0,532057600.0,0.0, | HTI |  |  |  |  |  |  |  |  | ,532057600.0,True
HTI,2029,6432454.0,532057600.0,0.0, | HTI |  |  |  |  |  |  |  |  | ,532057600.0,True
HTI,2030,6432454.0,532057600.0,0.0, | HTI |  |  |  |  |  |  |  |  | ,532057600.0,True
NGA,2026,6432454.0,532057600.0,0.0, | NGA |  | ,532057600.0,True
NGA,2027,6432454.0,532057600.0,0.0, | NGA |  | ,532057600.0,True
NGA,2028,6432454.0,532057600.0,0.0, | NGA |  | ,532057600.0,True
NGA,2029,6432454.0,532057600.0,0.0, | NGA |  | ,532057600.0,True
NGA,2030,6432454.0,532057600.0,0.0, | NGA |  | ,532057600.0,True
PSE,2026,6432454.0,532057600.0,0.0, | PSE | ,532057600.0,True
PSE,2027,6432454.0,532057600.0,0.0, | PSE | ,532057600.0,True
PSE,2028,6432454.0,532057600.0,0.0, | PSE | ,532057600.0,True
PSE,2029,6432454.0,532057600.0,0.0, | PSE | ,532057600.0,True
PSE,2030,6432454.0,532057600.0,0.0, | PSE | ,532057600.0,True
AFG,2026,22887736.0,1715579100.0,2208954538.0637574,AFG,-493375402.0637574,False
AFG,2027,22887736.0,1715579100.0,2292095101.264384,AFG,-576515965.2643838,False
AFG,2028,22887736.0,1715579100.0,2375235664.465009,AFG,-659656528.4650092,False
AFG,2029,22887736.0,1715579100.0,2458604010.030569,AFG,-743024874.0305691,False
AFG,2030,22887736.0,1715579100.0,2541744573.2311945,AFG,-826165437.2311945,False
AFG,2026,6432454.0,532057600.0,0.0,AFG |  |  |  |  |  |  |  | ,532057600.0,True
AFG,2027,6432454.0,532057600.0,0.0,AFG |  |  |  |  |  |  |  | ,532057600.0,True
AFG,2028,6432454.0,532057600.0,0.0,AFG |  |  |  |  |  |  |  | ,532057600.0,True
AFG,2029,6432454.0,532057600.0,0.0,AFG |  |  |  |  |  |  |  | ,532057600.0,True
AFG,2030,6432454.0,532057600.0,0.0,AFG |  |  |  |  |  |  |  | ,532057600.0,True
LBN,2026,6432454.0,532057600.0,0.0,AFG | ZWE | VEN | UKR | BEN | BDI | LSO | LBR | LBY | MLI | MOZ | MMR | NER | NGA | EGY | ETH | PSE | PAK | PHL | RWA | SLE | SOM | SSD | SDN | SYR | TZA | TGO | TUR | UGA | YEM | ZMB |  | BGD | AGO | BFA | CMR | CAF | TCD | DJI | PRK | COD | COL | ECU | HTI | IRN | IRQ | JOR | KEN | LBN,532057600.0,True
LBN,2027,6432454.0,532057600.0,0.0,AFG | ZWE | VEN | UKR | BEN | BDI | LSO | LBR | LBY | MLI | MOZ | MMR | NER | NGA | EGY | ETH | PSE | PAK | PHL | RWA | SLE | SOM | SSD | SDN | SYR | TZA | TGO | TUR | UGA | YEM | ZMB |  | BGD | AGO | BFA | CMR | CAF | TCD | DJI | PRK | COD | COL | ECU | HTI | IRN | IRQ | JOR | KEN | LBN,532057600.0,True
LBN,2028,6432454.0,532057600.0,0.0,AFG | ZWE | VEN | UKR | BEN | BDI | LSO | LBR | LBY | MLI | MOZ | MMR | NER | NGA | EGY | ETH | PSE | PAK | PHL | RWA | SLE | SOM | SSD | SDN | SYR | TZA | TGO | TUR | UGA | YEM | ZMB |  | BGD | AGO | BFA | CMR | CAF | TCD | DJI | PRK | COD | COL | ECU | HTI | IRN | IRQ | JOR | KEN | LBN,532057600.0,True
LBN,2029,6432454.0,532057600.0,0.0,AFG | ZWE | VEN | UKR | BEN | BDI | LSO | LBR | LBY | MLI | MOZ | MMR | NER | NGA | EGY | ETH | PSE | PAK | PHL | RWA | SLE | SOM | SSD | SDN | SYR | TZA | TGO | TUR | UGA | YEM | ZMB |  | BGD | AGO | BFA | CMR | CAF | TCD | DJI | PRK | COD | COL | ECU | HTI | IRN | IRQ | JOR | KEN | LBN,532057600.0,True
LBN,2030,6432454.0,532057600.0,0.0,AFG | ZWE | VEN | UKR | BEN | BDI | LSO | LBR | LBY | MLI | MOZ | MMR | NER | NGA | EGY | ETH | PSE | PAK | PHL | RWA | SLE | SOM | SSD | SDN | SYR | TZA | TGO | TUR | UGA | YEM | ZMB |  | BGD | AGO | BFA | CMR | CAF | TCD | DJI | PRK | COD | COL | ECU | HTI | IRN | IRQ | JOR | KEN | LBN,532057600.0,True
AGO,2026,6432454.0,532057600.0,-837952120.1143594,AGO,1370009720.1143594,True
AGO,2027,6432454.0,532057600.0,-882408739.550656,AGO,1414466339.5506558,True
AGO,2028,6432454.0,532057600.0,-926865358.9869527,AGO,1458922958.9869528,True
AGO,2029,6432454.0,532057600.0,-971443777.3806092,AGO,1503501377.380609,True
AGO,2030,6432454.0,532057600.0,-1015900396.8169057,AGO,1547957996.8169057,True
SXM,2026,6432454.0,532057600.0,0.0,ATG | MAF | BHS | AIA | TCA | VGB | BLM | KNA | SXM,532057600.0,True
SXM,2027,6432454.0,532057600.0,0.0,ATG | MAF | BHS | AIA | TCA | VGB | BLM | KNA | SXM,532057600.0,True
SXM,2028,6432454.0,532057600.0,0.0,ATG | MAF | BHS | AIA | TCA | VGB | BLM | KNA | SXM,532057600.0,True
SXM,2029,6432454.0,532057600.0,0.0,ATG | MAF | BHS | AIA | TCA | VGB | BLM | KNA | SXM,532057600.0,True
SXM,2030,6432454.0,532057600.0,0.0,ATG | MAF | BHS | AIA | TCA | VGB | BLM | KNA | SXM,532057600.0,True
BDI,2026,6432454.0,532057600.0,158684061.119571,BDI,373373538.880429,True
BDI,2027,6432454.0,532057600.0,161543830.228196,BDI,370513769.771804,True
BDI,2028,6432454.0,532057600.0,164403599.336821,BDI,367654000.66317904,True
BDI,2029,6432454.0,532057600.0,167271203.4293052,BDI,364786396.5706948,True
BDI,2030,6432454.0,532057600.0,170130972.5379302,BDI,361926627.4620698,True
BEN,2026,6432454.0,532057600.0,0.0,BEN,532057600.0,True
BEN,2027,6432454.0,532057600.0,0.0,BEN,532057600.0,True
BEN,2028,6432454.0,532057600.0,0.0,BEN,532057600.0,True
BEN,2029,6432454.0,532057600.0,0.0,BEN,532057600.0,True
BEN,2030,6432454.0,532057600.0,0.0,BEN,532057600.0,True
BFA,2026,5915233.0,661762050.0,816264421.2023975,BFA,-154502373.20239747,False
BFA,2027,5915233.0,661762050.0,870386163.3022289,BFA,-208624115.30222893,False
BFA,2028,5915233.0,661762050.0,924507905.4020605,BFA,-262745857.4020605,False
BFA,2029,5915233.0,661762050.0,978777926.247371,BFA,-317015878.24737096,False
BFA,2030,5915233.0,661762050.0,1032899668.3472027,BFA,-371137620.34720266,False
BGD,2026,6432454.0,532057600.0,1098799995.550568,BGD,-566742395.5505681,False
BGD,2027,6432454.0,532057600.0,1137426519.9125304,BGD,-605368919.9125304,False
BGD,2028,6432454.0,532057600.0,1176053044.2744927,BGD,-643995444.2744927,False
BGD,2029,6432454.0,532057600.0,1214785394.7305975,BGD,-682727794.7305975,False
BGD,2030,6432454.0,532057600.0,1253411919.0925598,BGD,-721354319.0925598,False
BOL,2026,6432454.0,532057600.0,77462329.97798108,BOL,454595270.0220189,True
BOL,2027,6432454.0,532057600.0,80878216.84754032,BOL,451179383.1524597,True
BOL,2028,6432454.0,532057600.0,84294103.71709958,BOL,447763496.28290045,True
BOL,2029,6432454.0,532057600.0,87719349.18082201,BOL,444338250.819178,True
BOL,2030,6432454.0,532057600.0,91135236.05038127,BOL,440922363.9496187,True
PER,2026,6432454.0,532057600.0,0.0,BRA | ABW | MEX | CRI | GUY | ECU | URY | CHL | CUW | BOL | PAN | PRY | TTO | ARG | COL | DOM | PER,532057600.0,True
PER,2027,6432454.0,532057600.0,0.0,BRA | ABW | MEX | CRI | GUY | ECU | URY | CHL | CUW | BOL | PAN | PRY | TTO | ARG | COL | DOM | PER,532057600.0,True
PER,2028,6432454.0,532057600.0,0.0,BRA | ABW | MEX | CRI | GUY | ECU | URY | CHL | CUW | BOL | PAN | PRY | TTO | ARG | COL | DOM | PER,532057600.0,True
PER,2029,6432454.0,532057600.0,0.0,BRA | ABW | MEX | CRI | GUY | ECU | URY | CHL | CUW | BOL | PAN | PRY | TTO | ARG | COL | DOM | PER,532057600.0,True
PER,2030,6432454.0,532057600.0,0.0,BRA | ABW | MEX | CRI | GUY | ECU | URY | CHL | CUW | BOL | PAN | PRY | TTO | ARG | COL | DOM | PER,532057600.0,True
MEX,2026,6432454.0,532057600.0,0.0,BRA | GUY | CRI | URY | PRY | COL | PER | ECU | PAN | CUW | ARG | ABW | BOL | CHL | DOM | TTO | MEX,532057600.0,True
MEX,2027,6432454.0,532057600.0,0.0,BRA | GUY | CRI | URY | PRY | COL | PER | ECU | PAN | CUW | ARG | ABW | BOL | CHL | DOM | TTO | MEX,532057600.0,True
MEX,2028,6432454.0,532057600.0,0.0,BRA | GUY | CRI | URY | PRY | COL | PER | ECU | PAN | CUW | ARG | ABW | BOL | CHL | DOM | TTO | MEX,532057600.0,True
MEX,2029,6432454.0,532057600.0,0.0,BRA | GUY | CRI | URY | PRY | COL | PER | ECU | PAN | CUW | ARG | ABW | BOL | CHL | DOM | TTO | MEX,532057600.0,True
MEX,2030,6432454.0,532057600.0,0.0,BRA | GUY | CRI | URY | PRY | COL | PER | ECU | PAN | CUW | ARG | ABW | BOL | CHL | DOM | TTO | MEX,532057600.0,True
CAF,2026,2440352.5,264425070.0,600066345.8081819,CAF,-335641273.8081819,False
CAF,2027,2440352.5,264425070.0,625275670.4452533,CAF,-360850598.44525325,False
CAF,2028,2440352.5,264425070.0,650484995.0823246,CAF,-386059923.0823246,False
CAF,2029,2440352.5,264425070.0,675763386.3622373,CAF,-411338314.36223733,False
CAF,2030,2440352.5,264425070.0,700972710.9993088,CAF,-436547638.9993088,False
CIV,2026,6432454.0,532057600.0,180999407.76959693,CIV,351058192.23040307,True
CIV,2027,6432454.0,532057600.0,186779625.09198105,CIV,345277974.90801895,True
CIV,2028,6432454.0,532057600.0,192559842.4143652,CIV,339497757.5856348,True
CIV,2029,6432454.0,532057600.0,198355895.94859147,CIV,333701704.0514085,True
CIV,2030,6432454.0,532057600.0,204136113.27097562,CIV,327921486.7290244,True
LBR,2026,6432454.0,532057600.0,0.0,CIV | LBR,532057600.0,True
LBR,2027,6432454.0,532057600.0,0.0,CIV | LBR,532057600.0,True
LBR,2028,6432454.0,532057600.0,0.0,CIV | LBR,532057600.0,True
LBR,2029,6432454.0,532057600.0,0.0,CIV | LBR,532057600.0,True
LBR,2030,6432454.0,532057600.0,0.0,CIV | LBR,532057600.0,True
GNB,2026,6432454.0,532057600.0,0.0,CIV | LBR | MLI | GIN | GHA | NER | NGA | SEN | TGO | BFA | MRT | SLE | BEN | GNB,532057600.0,True
GNB,2027,6432454.0,532057600.0,0.0,CIV | LBR | MLI | GIN | GHA | NER | NGA | SEN | TGO | BFA | MRT | SLE | BEN | GNB,532057600.0,True
GNB,2028,6432454.0,532057600.0,0.0,CIV | LBR | MLI | GIN | GHA | NER | NGA | SEN | TGO | BFA | MRT | SLE | BEN | GNB,532057600.0,True
GNB,2029,6432454.0,532057600.0,0.0,CIV | LBR | MLI | GIN | GHA | NER | NGA | SEN | TGO | BFA | MRT | SLE | BEN | GNB,532057600.0,True
GNB,2030,6432454.0,532057600.0,0.0,CIV | LBR | MLI | GIN | GHA | NER | NGA | SEN | TGO | BFA | MRT | SLE | BEN | GNB,532057600.0,True
GNB,2026,6432454.0,532057600.0,0.0,CIV | LBR | MLI | GIN | GHA | NER | SEN | TGO | BFA | MRT | SLE | BEN | CPV | GNB,532057600.0,True
GNB,2027,6432454.0,532057600.0,0.0,CIV | LBR | MLI | GIN | GHA | NER | SEN | TGO | BFA | MRT | SLE | BEN | CPV | GNB,532057600.0,True
GNB,2028,6432454.0,532057600.0,0.0,CIV | LBR | MLI | GIN | GHA | NER | SEN | TGO | BFA | MRT | SLE | BEN | CPV | GNB,532057600.0,True
GNB,2029,6432454.0,532057600.0,0.0,CIV | LBR | MLI | GIN | GHA | NER | SEN | TGO | BFA | MRT | SLE | BEN | CPV | GNB,532057600.0,True
GNB,2030,6432454.0,532057600.0,0.0,CIV | LBR | MLI | GIN | GHA | NER | SEN | TGO | BFA | MRT | SLE | BEN | CPV | GNB,532057600.0,True
GNB,2026,6432454.0,532057600.0,0.0,CIV | LBR | MLI | GIN | GHA | NER | SEN | TGO | BFA | MRT | SLE | BEN | GNB,532057600.0,True
GNB,2027,6432454.0,532057600.0,0.0,CIV | LBR | MLI | GIN | GHA | NER | SEN | TGO | BFA | MRT | SLE | BEN | GNB,532057600.0,True
GNB,2028,6432454.0,532057600.0,0.0,CIV | LBR | MLI | GIN | GHA | NER | SEN | TGO | BFA | MRT | SLE | BEN | GNB,532057600.0,True
GNB,2029,6432454.0,532057600.0,0.0,CIV | LBR | MLI | GIN | GHA | NER | SEN | TGO | BFA | MRT | SLE | BEN | GNB,532057600.0,True
GNB,2030,6432454.0,532057600.0,0.0,CIV | LBR | MLI | GIN | GHA | NER | SEN | TGO | BFA | MRT | SLE | BEN | GNB,532057600.0,True
CMR,2026,3322010.8,311632640.0,440859789.86150104,CMR,-129227149.86150104,False
CMR,2027,3322010.8,311632640.0,460656237.5347073,CMR,-149023597.5347073,False
CMR,2028,3322010.8,311632640.0,480452685.2079136,CMR,-168820045.20791358,False
CMR,2029,3322010.8,311632640.0,500303369.7240601,CMR,-188670729.72406012,False
CMR,2030,3322010.8,311632640.0,520099817.3972664,CMR,-208467177.3972664,False
COD,2026,21241746.0,1405071200.0,2302018701.4977765,COD,-896947469.4977765,False
COD,2027,21241746.0,1405071200.0,2395691010.72518,COD,-990619778.7251801,False
COD,2028,21241746.0,1405071200.0,2489363319.952584,COD,-1084292087.9525838,False
COD,2029,21241746.0,1405071200.0,2583292265.643625,COD,-1178221033.6436248,False
COD,2030,21241746.0,1405071200.0,2676964574.871028,COD,-1271893342.871028,False
COG,2026,6432454.0,532057600.0,17016575.41326812,COG,515041024.5867319,True
COG,2027,6432454.0,532057600.0,16457257.719373122,COG,515600342.2806269,True
COG,2028,6432454.0,532057600.0,15897940.025478123,COG,516159659.9745219,True
COG,2029,6432454.0,532057600.0,15337089.954339573,COG,516720510.04566044,True
COG,2030,6432454.0,532057600.0,14777772.260444572,COG,517279827.7395554,True
RWA,2026,6432454.0,532057600.0,0.0,COG | AGO | TZA | UGA | ZMB | RWA,532057600.0,True
RWA,2027,6432454.0,532057600.0,0.0,COG | AGO | TZA | UGA | ZMB | RWA,532057600.0,True
RWA,2028,6432454.0,532057600.0,0.0,COG | AGO | TZA | UGA | ZMB | RWA,532057600.0,True
RWA,2029,6432454.0,532057600.0,0.0,COG | AGO | TZA | UGA | ZMB | RWA,532057600.0,True
RWA,2030,6432454.0,532057600.0,0.0,COG | AGO | TZA | UGA | ZMB | RWA,532057600.0,True
BDI,2026,6432454.0,532057600.0,0.0,COG | RWA | ZMB | TZA | UGA | AGO | BDI,532057600.0,True
BDI,2027,6432454.0,532057600.0,0.0,COG | RWA | ZMB | TZA | UGA | AGO | BDI,532057600.0,True
BDI,2028,6432454.0,532057600.0,0.0,COG | RWA | ZMB | TZA | UGA | AGO | BDI,532057600.0,True
BDI,2029,6432454.0,532057600.0,0.0,COG | RWA | ZMB | TZA | UGA | AGO | BDI,532057600.0,True
BDI,2030,6432454.0,532057600.0,0.0,COG | RWA | ZMB | TZA | UGA | AGO | BDI,532057600.0,True
COL,2026,9053393.0,384022720.0,354218275.6164424,COL,29804444.383557618,False
COL,2027,9053393.0,384022720.0,365391713.81197655,COL,18631006.188023448,False
COL,2028,9053393.0,384022720.0,376565152.0075108,COL,7457567.992489219,False
COL,2029,9053393.0,384022720.0,387769202.3624848,COL,-3746482.3624848127,False
COL,2030,9053393.0,384022720.0,398942640.55801886,COL,-14919920.558018863,False
CUB,2026,6432454.0,532057600.0,53241587.40671944,CUB,478816012.59328055,True
CUB,2027,6432454.0,532057600.0,54495077.650123596,CUB,477562522.3498764,True
CUB,2028,6432454.0,532057600.0,55748567.89352777,CUB,476309032.10647225,True
CUB,2029,6432454.0,532057600.0,57005492.35677688,CUB,475052107.6432231,True
CUB,2030,6432454.0,532057600.0,58258982.600181036,CUB,473798617.39981896,True
ECU,2026,6432454.0,532057600.0,0.0,CUW | DOM | GUY | TTO | BOL | BRA | CRI | ARG | ABW | MEX | COL | CHL | PAN | PRY | URY | PER | ECU,532057600.0,True
ECU,2027,6432454.0,532057600.0,0.0,CUW | DOM | GUY | TTO | BOL | BRA | CRI | ARG | ABW | MEX | COL | CHL | PAN | PRY | URY | PER | ECU,532057600.0,True
ECU,2028,6432454.0,532057600.0,0.0,CUW | DOM | GUY | TTO | BOL | BRA | CRI | ARG | ABW | MEX | COL | CHL | PAN | PRY | URY | PER | ECU,532057600.0,True
ECU,2029,6432454.0,532057600.0,0.0,CUW | DOM | GUY | TTO | BOL | BRA | CRI | ARG | ABW | MEX | COL | CHL | PAN | PRY | URY | PER | ECU,532057600.0,True
ECU,2030,6432454.0,532057600.0,0.0,CUW | DOM | GUY | TTO | BOL | BRA | CRI | ARG | ABW | MEX | COL | CHL | PAN | PRY | URY | PER | ECU,532057600.0,True
DJI,2026,6432454.0,532057600.0,95748008.20991199,DJI,436309591.790088,True
DJI,2027,6432454.0,532057600.0,99001493.9071489,DJI,433056106.0928511,True
DJI,2028,6432454.0,532057600.0,102254979.60438578,DJI,429802620.3956142,True
DJI,2029,6432454.0,532057600.0,105517378.96106717,DJI,426540221.0389328,True
DJI,2030,6432454.0,532057600.0,108770864.65830408,DJI,423286735.3416959,True
TZA,2026,6432454.0,532057600.0,0.0,DJI | ETH | SOM | KEN | TZA,532057600.0,True
TZA,2027,6432454.0,532057600.0,0.0,DJI | ETH | SOM | KEN | TZA,532057600.0,True
TZA,2028,6432454.0,532057600.0,0.0,DJI | ETH | SOM | KEN | TZA,532057600.0,True
TZA,2029,6432454.0,532057600.0,0.0,DJI | ETH | SOM | KEN | TZA,532057600.0,True
TZA,2030,6432454.0,532057600.0,0.0,DJI | ETH | SOM | KEN | TZA,532057600.0,True
SOM,2026,6432454.0,532057600.0,0.0,DJI | ETH | YEM | SOM,532057600.0,True
SOM,2027,6432454.0,532057600.0,0.0,DJI | ETH | YEM | SOM,532057600.0,True
SOM,2028,6432454.0,532057600.0,0.0,DJI | ETH | YEM | SOM,532057600.0,True
SOM,2029,6432454.0,532057600.0,0.0,DJI | ETH | YEM | SOM,532057600.0,True
SOM,2030,6432454.0,532057600.0,0.0,DJI | ETH | YEM | SOM,532057600.0,True
ETH,2026,6432454.0,532057600.0,0.0,DJI | SOM | ETH,532057600.0,True
ETH,2027,6432454.0,532057600.0,0.0,DJI | SOM | ETH,532057600.0,True
ETH,2028,6432454.0,532057600.0,0.0,DJI | SOM | ETH,532057600.0,True
ETH,2029,6432454.0,532057600.0,0.0,DJI | SOM | ETH,532057600.0,True
ETH,2030,6432454.0,532057600.0,0.0,DJI | SOM | ETH,532057600.0,True
ETH,2026,6432454.0,532057600.0,0.0,DJI | YEM | SOM | ETH,532057600.0,True
ETH,2027,6432454.0,532057600.0,0.0,DJI | YEM | SOM | ETH,532057600.0,True
ETH,2028,6432454.0,532057600.0,0.0,DJI | YEM | SOM | ETH,532057600.0,True
ETH,2029,6432454.0,532057600.0,0.0,DJI | YEM | SOM | ETH,532057600.0,True
ETH,2030,6432454.0,532057600.0,0.0,DJI | YEM | SOM | ETH,532057600.0,True
DMA,2026,6432454.0,532057600.0,0.0,DMA,532057600.0,True
DMA,2027,6432454.0,532057600.0,0.0,DMA,532057600.0,True
DMA,2028,6432454.0,532057600.0,0.0,DMA,532057600.0,True
DMA,2029,6432454.0,532057600.0,0.0,DMA,532057600.0,True
DMA,2030,6432454.0,532057600.0,0.0,DMA,532057600.0,True
DOM,2026,6432454.0,532057600.0,0.0,DOM,532057600.0,True
DOM,2027,6432454.0,532057600.0,0.0,DOM,532057600.0,True
DOM,2028,6432454.0,532057600.0,0.0,DOM,532057600.0,True
DOM,2029,6432454.0,532057600.0,0.0,DOM,532057600.0,True
DOM,2030,6432454.0,532057600.0,0.0,DOM,532057600.0,True
ECU,2026,6432454.0,532057600.0,0.0,ECU,532057600.0,True
ECU,2027,6432454.0,532057600.0,0.0,ECU,532057600.0,True
ECU,2028,6432454.0,532057600.0,0.0,ECU,532057600.0,True
ECU,2029,6432454.0,532057600.0,0.0,ECU,532057600.0,True
ECU,2030,6432454.0,532057600.0,0.0,ECU,532057600.0,True
GUY,2026,6432454.0,532057600.0,0.0,ECU | BRA | COL | MEX | CHL | DOM | TTO | PAN | BOL | ARG | CRI | CUW | PRY | URY | ABW | PER | GUY,532057600.0,True
GUY,2027,6432454.0,532057600.0,0.0,ECU | BRA | COL | MEX | CHL | DOM | TTO | PAN | BOL | ARG | CRI | CUW | PRY | URY | ABW | PER | GUY,532057600.0,True
GUY,2028,6432454.0,532057600.0,0.0,ECU | BRA | COL | MEX | CHL | DOM | TTO | PAN | BOL | ARG | CRI | CUW | PRY | URY | ABW | PER | GUY,532057600.0,True
GUY,2029,6432454.0,532057600.0,0.0,ECU | BRA | COL | MEX | CHL | DOM | TTO | PAN | BOL | ARG | CRI | CUW | PRY | URY | ABW | PER | GUY,532057600.0,True
GUY,2030,6432454.0,532057600.0,0.0,ECU | BRA | COL | MEX | CHL | DOM | TTO | PAN | BOL | ARG | CRI | CUW | PRY | URY | ABW | PER | GUY,532057600.0,True
ETH,2026,6432454.0,532057600.0,0.0,EGY | ETH,532057600.0,True
ETH,2027,6432454.0,532057600.0,0.0,EGY | ETH,532057600.0,True
ETH,2028,6432454.0,532057600.0,0.0,EGY | ETH,532057600.0,True
ETH,2029,6432454.0,532057600.0,0.0,EGY | ETH,532057600.0,True
ETH,2030,6432454.0,532057600.0,0.0,EGY | ETH,532057600.0,True
JOR,2026,6432454.0,532057600.0,0.0,EGY | IRQ | LBN | TUR | JOR,532057600.0,True
JOR,2027,6432454.0,532057600.0,0.0,EGY | IRQ | LBN | TUR | JOR,532057600.0,True
JOR,2028,6432454.0,532057600.0,0.0,EGY | IRQ | LBN | TUR | JOR,532057600.0,True
JOR,2029,6432454.0,532057600.0,0.0,EGY | IRQ | LBN | TUR | JOR,532057600.0,True
JOR,2030,6432454.0,532057600.0,0.0,EGY | IRQ | LBN | TUR | JOR,532057600.0,True
JOR,2026,6432454.0,532057600.0,0.0,EGY | TUR | LBN | JOR,532057600.0,True
JOR,2027,6432454.0,532057600.0,0.0,EGY | TUR | LBN | JOR,532057600.0,True
JOR,2028,6432454.0,532057600.0,0.0,EGY | TUR | LBN | JOR,532057600.0,True
JOR,2029,6432454.0,532057600.0,0.0,EGY | TUR | LBN | JOR,532057600.0,True
JOR,2030,6432454.0,532057600.0,0.0,EGY | TUR | LBN | JOR,532057600.0,True
ERI,2026,6432454.0,532057600.0,318159893.44354165,ERI,213897706.55645835,True
ERI,2027,6432454.0,532057600.0,326181549.0309572,ERI,205876050.96904278,True
ERI,2028,6432454.0,532057600.0,334203204.618373,ERI,197854395.38162702,True
ERI,2029,6432454.0,532057600.0,342246837.34438425,ERI,189810762.65561575,True
ERI,2030,6432454.0,532057600.0,350268492.93179995,ERI,181789107.06820005,True
DJI,2026,6432454.0,532057600.0,0.0,ERI | KEN | DJI,532057600.0,True
DJI,2027,6432454.0,532057600.0,0.0,ERI | KEN | DJI,532057600.0,True
DJI,2028,6432454.0,532057600.0,0.0,ERI | KEN | DJI,532057600.0,True
DJI,2029,6432454.0,532057600.0,0.0,ERI | KEN | DJI,532057600.0,True
DJI,2030,6432454.0,532057600.0,0.0,ERI | KEN | DJI,532057600.0,True
BGR,2026,6432454.0,532057600.0,0.0,EST | SVK | MDA | CZE | HUN | ROU | POL | LVA | LTU | BGR,532057600.0,True
BGR,2027,6432454.0,532057600.0,0.0,EST | SVK | MDA | CZE | HUN | ROU | POL | LVA | LTU | BGR,532057600.0,True
BGR,2028,6432454.0,532057600.0,0.0,EST | SVK | MDA | CZE | HUN | ROU | POL | LVA | LTU | BGR,532057600.0,True
BGR,2029,6432454.0,532057600.0,0.0,EST | SVK | MDA | CZE | HUN | ROU | POL | LVA | LTU | BGR,532057600.0,True
BGR,2030,6432454.0,532057600.0,0.0,EST | SVK | MDA | CZE | HUN | ROU | POL | LVA | LTU | BGR,532057600.0,True
ETH,2026,6432454.0,532057600.0,2865425585.1599236,ETH,-2333367985.1599236,False
ETH,2027,6432454.0,532057600.0,2992478597.029155,ETH,-2460420997.029155,False
ETH,2028,6432454.0,532057600.0,3119531608.8983865,ETH,-2587474008.8983865,False
ETH,2029,6432454.0,532057600.0,3246932711.211095,ETH,-2714875111.211095,False
ETH,2030,6432454.0,532057600.0,3373985723.0803266,ETH,-2841928123.0803266,False
ETH,2026,6432454.0,532057600.0,0.0,ETH | ,532057600.0,True
ETH,2027,6432454.0,532057600.0,0.0,ETH | ,532057600.0,True
ETH,2028,6432454.0,532057600.0,0.0,ETH | ,532057600.0,True
ETH,2029,6432454.0,532057600.0,0.0,ETH | ,532057600.0,True
ETH,2030,6432454.0,532057600.0,0.0,ETH | ,532057600.0,True
CAF,2026,6432454.0,532057600.0,0.0,ETH | EGY | LBY | UGA | CAF,532057600.0,True
CAF,2027,6432454.0,532057600.0,0.0,ETH | EGY | LBY | UGA | CAF,532057600.0,True
CAF,2028,6432454.0,532057600.0,0.0,ETH | EGY | LBY | UGA | CAF,532057600.0,True
CAF,2029,6432454.0,532057600.0,0.0,ETH | EGY | LBY | UGA | CAF,532057600.0,True
CAF,2030,6432454.0,532057600.0,0.0,ETH | EGY | LBY | UGA | CAF,532057600.0,True
UGA,2026,6432454.0,532057600.0,0.0,ETH | KEN | UGA,532057600.0,True
UGA,2027,6432454.0,532057600.0,0.0,ETH | KEN | UGA,532057600.0,True
UGA,2028,6432454.0,532057600.0,0.0,ETH | KEN | UGA,532057600.0,True
UGA,2029,6432454.0,532057600.0,0.0,ETH | KEN | UGA,532057600.0,True
UGA,2030,6432454.0,532057600.0,0.0,ETH | KEN | UGA,532057600.0,True
SDN,2026,6432454.0,532057600.0,0.0,ETH | KEN | UGA | SDN,532057600.0,True
SDN,2027,6432454.0,532057600.0,0.0,ETH | KEN | UGA | SDN,532057600.0,True
SDN,2028,6432454.0,532057600.0,0.0,ETH | KEN | UGA | SDN,532057600.0,True
SDN,2029,6432454.0,532057600.0,0.0,ETH | KEN | UGA | SDN,532057600.0,True
SDN,2030,6432454.0,532057600.0,0.0,ETH | KEN | UGA | SDN,532057600.0,True
FJI,2026,6432454.0,532057600.0,0.0,FJI,532057600.0,True
FJI,2027,6432454.0,532057600.0,0.0,FJI,532057600.0,True
FJI,2028,6432454.0,532057600.0,0.0,FJI,532057600.0,True
FJI,2029,6432454.0,532057600.0,0.0,FJI,532057600.0,True
FJI,2030,6432454.0,532057600.0,0.0,FJI,532057600.0,True
GEO,2026,6432454.0,532057600.0,0.0,GEO,532057600.0,True
GEO,2027,6432454.0,532057600.0,0.0,GEO,532057600.0,True
GEO,2028,6432454.0,532057600.0,0.0,GEO,532057600.0,True
GEO,2029,6432454.0,532057600.0,0.0,GEO,532057600.0,True
GEO,2030,6432454.0,532057600.0,0.0,GEO,532057600.0,True
GHA,2026,6432454.0,532057600.0,0.0,GHA,532057600.0,True
GHA,2027,6432454.0,532057600.0,0.0,GHA,532057600.0,True
GHA,2028,6432454.0,532057600.0,0.0,GHA,532057600.0,True
GHA,2029,6432454.0,532057600.0,0.0,GHA,532057600.0,True
GHA,2030,6432454.0,532057600.0,0.0,GHA,532057600.0,True
GIN,2026,6432454.0,532057600.0,-107463044.96157274,GIN,639520644.9615728,True
GIN,2027,6432454.0,532057600.0,-114151832.92064299,GIN,646209432.920643,True
GIN,2028,6432454.0,532057600.0,-120840620.87971324,GIN,652898220.8797133,True
GIN,2029,6432454.0,532057600.0,-127547734.28524669,GIN,659605334.2852467,True
GIN,2030,6432454.0,532057600.0,-134236522.24431697,GIN,666294122.2443169,True
GMB,2026,6432454.0,532057600.0,-19744762.021411832,GMB,551802362.0214118,True
GMB,2027,6432454.0,532057600.0,-23156457.720904324,GMB,555214057.7209044,True
GMB,2028,6432454.0,532057600.0,-26568153.42039682,GMB,558625753.4203968,True
GMB,2029,6432454.0,532057600.0,-29989196.231394768,GMB,562046796.2313948,True
GMB,2030,6432454.0,532057600.0,-33400891.930887267,GMB,565458491.9308872,True
GNB,2026,6432454.0,532057600.0,0.0,GNB,532057600.0,True
GNB,2027,6432454.0,532057600.0,0.0,GNB,532057600.0,True
GNB,2028,6432454.0,532057600.0,0.0,GNB,532057600.0,True
GNB,2029,6432454.0,532057600.0,0.0,GNB,532057600.0,True
GNB,2030,6432454.0,532057600.0,0.0,GNB,532057600.0,True
GRD,2026,6432454.0,532057600.0,0.0,GRD,532057600.0,True
GRD,2027,6432454.0,532057600.0,0.0,GRD,532057600.0,True
GRD,2028,6432454.0,532057600.0,0.0,GRD,532057600.0,True
GRD,2029,6432454.0,532057600.0,0.0,GRD,532057600.0,True
GRD,2030,6432454.0,532057600.0,0.0,GRD,532057600.0,True
GTM,2026,2166175.0,132113660.0,121950568.62455729,GTM,10163095.375442713,False
GTM,2027,2166175.0,132113660.0,127046769.4848724,GTM,5066894.515127599,False
GTM,2028,2166175.0,132113660.0,132142970.34518753,GTM,-29306.34518752992,False
GTM,2029,2166175.0,132113660.0,137253133.39964047,GTM,-5139469.399640471,False
GTM,2030,2166175.0,132113660.0,142349334.2599556,GTM,-10235670.259955615,False
GUY,2026,6432454.0,532057600.0,0.0,GUY,532057600.0,True
GUY,2027,6432454.0,532057600.0,0.0,GUY,532057600.0,True
GUY,2028,6432454.0,532057600.0,0.0,GUY,532057600.0,True
GUY,2029,6432454.0,532057600.0,0.0,GUY,532057600.0,True
GUY,2030,6432454.0,532057600.0,0.0,GUY,532057600.0,True
HND,2026,1642843.1,231655260.0,215008774.44596058,HND,16646489.554039419,False
HND,2027,1642843.1,231655260.0,228187278.9348358,HND,3467985.0651642084,False
HND,2028,1642843.1,231655260.0,241365783.4237109,HND,-9710519.423710912,False
HND,2029,1642843.1,231655260.0,254580393.40433645,HND,-22925129.404336452,False
HND,2030,1642843.1,231655260.0,267758897.8932117,HND,-36103633.89321169,False
GRC,2026,6432454.0,532057600.0,0.0,HRV | MKD | SVN | TUR | SRB | GRC,532057600.0,True
GRC,2027,6432454.0,532057600.0,0.0,HRV | MKD | SVN | TUR | SRB | GRC,532057600.0,True
GRC,2028,6432454.0,532057600.0,0.0,HRV | MKD | SVN | TUR | SRB | GRC,532057600.0,True
GRC,2029,6432454.0,532057600.0,0.0,HRV | MKD | SVN | TUR | SRB | GRC,532057600.0,True
GRC,2030,6432454.0,532057600.0,0.0,HRV | MKD | SVN | TUR | SRB | GRC,532057600.0,True
HTI,2026,5986356.5,880244100.0,515522097.1949107,HTI,364721998.8050893,True
HTI,2027,5986356.5,880244100.0,531660946.94309324,HTI,348583149.05690676,True
HTI,2028,5986356.5,880244100.0,547799796.6912757,HTI,332444299.3087243,True
HTI,2029,5986356.5,880244100.0,563982862.4661657,HTI,316261233.53383434,True
HTI,2030,5986356.5,880244100.0,580121712.2143482,HTI,300122383.7856518,True
IDN,2026,6432454.0,532057600.0,31330258.431856032,IDN,500727341.56814396,True
IDN,2027,6432454.0,532057600.0,29905031.385758862,IDN,502152568.6142411,True
IDN,2028,6432454.0,532057600.0,28479804.33966169,IDN,503577795.6603383,True
IDN,2029,6432454.0,532057600.0,27050672.561931375,IDN,505006927.4380686,True
IDN,2030,6432454.0,532057600.0,25625445.5158342,IDN,506432154.4841658,True
IRN,2026,6432454.0,532057600.0,90398201.07917197,IRN,441659398.92082804,True
IRN,2027,6432454.0,532057600.0,93149143.51874067,IRN,438908456.48125935,True
IRN,2028,6432454.0,532057600.0,95900085.95830941,IRN,436157514.0416906,True
IRN,2029,6432454.0,532057600.0,98658565.2264797,IRN,433399034.7735203,True
IRN,2030,6432454.0,532057600.0,101409507.6660484,IRN,430648092.3339516,True
PAK,2026,6432454.0,532057600.0,0.0,IRN | PAK,532057600.0,True
PAK,2027,6432454.0,532057600.0,0.0,IRN | PAK,532057600.0,True
PAK,2028,6432454.0,532057600.0,0.0,IRN | PAK,532057600.0,True
PAK,2029,6432454.0,532057600.0,0.0,IRN | PAK,532057600.0,True
PAK,2030,6432454.0,532057600.0,0.0,IRN | PAK,532057600.0,True
PAK,2026,6432454.0,532057600.0,0.0,IRN | TJK | UZB | TKM | PAK,532057600.0,True
PAK,2027,6432454.0,532057600.0,0.0,IRN | TJK | UZB | TKM | PAK,532057600.0,True
PAK,2028,6432454.0,532057600.0,0.0,IRN | TJK | UZB | TKM | PAK,532057600.0,True
PAK,2029,6432454.0,532057600.0,0.0,IRN | TJK | UZB | TKM | PAK,532057600.0,True
PAK,2030,6432454.0,532057600.0,0.0,IRN | TJK | UZB | TKM | PAK,532057600.0,True
IRQ,2026,6432454.0,532057600.0,482173737.4713758,IRQ,49883862.52862418,False
IRQ,2027,6432454.0,532057600.0,460658507.18085265,IRQ,71399092.81914735,True
IRQ,2028,6432454.0,532057600.0,439143276.89032936,IRQ,92914323.10967064,True
IRQ,2029,6432454.0,532057600.0,417569100.76339376,IRQ,114488499.23660624,True
IRQ,2030,6432454.0,532057600.0,396053870.4728705,IRQ,136003729.52712947,True
TUR,2026,6432454.0,532057600.0,0.0,IRQ | EGY | JOR | LBN | TUR,532057600.0,True
TUR,2027,6432454.0,532057600.0,0.0,IRQ | EGY | JOR | LBN | TUR,532057600.0,True
TUR,2028,6432454.0,532057600.0,0.0,IRQ | EGY | JOR | LBN | TUR,532057600.0,True
TUR,2029,6432454.0,532057600.0,0.0,IRQ | EGY | JOR | LBN | TUR,532057600.0,True
TUR,2030,6432454.0,532057600.0,0.0,IRQ | EGY | JOR | LBN | TUR,532057600.0,True
LBN,2026,6432454.0,532057600.0,0.0,IRQ | EGY | JOR | TUR | LBN,532057600.0,True
LBN,2027,6432454.0,532057600.0,0.0,IRQ | EGY | JOR | TUR | LBN,532057600.0,True
LBN,2028,6432454.0,532057600.0,0.0,IRQ | EGY | JOR | TUR | LBN,532057600.0,True
LBN,2029,6432454.0,532057600.0,0.0,IRQ | EGY | JOR | TUR | LBN,532057600.0,True
LBN,2030,6432454.0,532057600.0,0.0,IRQ | EGY | JOR | TUR | LBN,532057600.0,True
LBN,2026,6432454.0,532057600.0,0.0,IRQ | JOR | EGY | TUR | LBN,532057600.0,True
LBN,2027,6432454.0,532057600.0,0.0,IRQ | JOR | EGY | TUR | LBN,532057600.0,True
LBN,2028,6432454.0,532057600.0,0.0,IRQ | JOR | EGY | TUR | LBN,532057600.0,True
LBN,2029,6432454.0,532057600.0,0.0,IRQ | JOR | EGY | TUR | LBN,532057600.0,True
LBN,2030,6432454.0,532057600.0,0.0,IRQ | JOR | EGY | TUR | LBN,532057600.0,True
LBN,2026,6432454.0,532057600.0,0.0,IRQ | TUR | EGY | JOR | LBN,532057600.0,True
LBN,2027,6432454.0,532057600.0,0.0,IRQ | TUR | EGY | JOR | LBN,532057600.0,True
LBN,2028,6432454.0,532057600.0,0.0,IRQ | TUR | EGY | JOR | LBN,532057600.0,True
LBN,2029,6432454.0,532057600.0,0.0,IRQ | TUR | EGY | JOR | LBN,532057600.0,True
LBN,2030,6432454.0,532057600.0,0.0,IRQ | TUR | EGY | JOR | LBN,532057600.0,True
JOR,2026,6432454.0,532057600.0,0.0,JOR,532057600.0,True
JOR,2027,6432454.0,532057600.0,0.0,JOR,532057600.0,True
JOR,2028,6432454.0,532057600.0,0.0,JOR,532057600.0,True
JOR,2029,6432454.0,532057600.0,0.0,JOR,532057600.0,True
JOR,2030,6432454.0,532057600.0,0.0,JOR,532057600.0,True
LBN,2026,6432454.0,532057600.0,0.0,JOR | IRQ | EGY | TUR | LBN,532057600.0,True
LBN,2027,6432454.0,532057600.0,0.0,JOR | IRQ | EGY | TUR | LBN,532057600.0,True
LBN,2028,6432454.0,532057600.0,0.0,JOR | IRQ | EGY | TUR | LBN,532057600.0,True
LBN,2029,6432454.0,532057600.0,0.0,JOR | IRQ | EGY | TUR | LBN,532057600.0,True
LBN,2030,6432454.0,532057600.0,0.0,JOR | IRQ | EGY | TUR | LBN,532057600.0,True
LBN,2026,6432454.0,532057600.0,0.0,JOR | IRQ | SYR | LBN,532057600.0,True
LBN,2027,6432454.0,532057600.0,0.0,JOR | IRQ | SYR | LBN,532057600.0,True
LBN,2028,6432454.0,532057600.0,0.0,JOR | IRQ | SYR | LBN,532057600.0,True
LBN,2029,6432454.0,532057600.0,0.0,JOR | IRQ | SYR | LBN,532057600.0,True
LBN,2030,6432454.0,532057600.0,0.0,JOR | IRQ | SYR | LBN,532057600.0,True
LBN,2026,6432454.0,532057600.0,10818750012.324903,JOR | IRQ | TUR | EGY | LBN,-10286692412.324903,False
LBN,2027,6432454.0,532057600.0,11417175985.482212,JOR | IRQ | TUR | EGY | LBN,-10885118385.482212,False
LBN,2028,6432454.0,532057600.0,12015601958.639519,JOR | IRQ | TUR | EGY | LBN,-11483544358.639519,False
LBN,2029,6432454.0,532057600.0,12615667455.010954,JOR | IRQ | TUR | EGY | LBN,-12083609855.010954,False
LBN,2030,6432454.0,532057600.0,13214093428.168264,JOR | IRQ | TUR | EGY | LBN,-12682035828.168264,False
LBN,2026,6432454.0,532057600.0,0.0,JOR | TUR | LBN,532057600.0,True
LBN,2027,6432454.0,532057600.0,0.0,JOR | TUR | LBN,532057600.0,True
LBN,2028,6432454.0,532057600.0,0.0,JOR | TUR | LBN,532057600.0,True
LBN,2029,6432454.0,532057600.0,0.0,JOR | TUR | LBN,532057600.0,True
LBN,2030,6432454.0,532057600.0,0.0,JOR | TUR | LBN,532057600.0,True
KEN,2026,6432454.0,532057600.0,418007288.2150115,KEN,114050311.78498852,True
KEN,2027,6432454.0,532057600.0,423663884.38628066,KEN,108393715.61371934,True
KEN,2028,6432454.0,532057600.0,429320480.5575499,KEN,102737119.4424501,True
KEN,2029,6432454.0,532057600.0,434992574.252576,KEN,97065025.747424,True
KEN,2030,6432454.0,532057600.0,440649170.4238451,KEN,91408429.57615489,True
UGA,2026,6432454.0,532057600.0,0.0,KEN | ETH | UGA,532057600.0,True
UGA,2027,6432454.0,532057600.0,0.0,KEN | ETH | UGA,532057600.0,True
UGA,2028,6432454.0,532057600.0,0.0,KEN | ETH | UGA,532057600.0,True
UGA,2029,6432454.0,532057600.0,0.0,KEN | ETH | UGA,532057600.0,True
UGA,2030,6432454.0,532057600.0,0.0,KEN | ETH | UGA,532057600.0,True
ETH,2026,6432454.0,532057600.0,0.0,KEN | UGA | ETH,532057600.0,True
ETH,2027,6432454.0,532057600.0,0.0,KEN | UGA | ETH,532057600.0,True
ETH,2028,6432454.0,532057600.0,0.0,KEN | UGA | ETH,532057600.0,True
ETH,2029,6432454.0,532057600.0,0.0,KEN | UGA | ETH,532057600.0,True
ETH,2030,6432454.0,532057600.0,0.0,KEN | UGA | ETH,532057600.0,True
KGZ,2026,6432454.0,532057600.0,0.0,KGZ,532057600.0,True
KGZ,2027,6432454.0,532057600.0,0.0,KGZ,532057600.0,True
KGZ,2028,6432454.0,532057600.0,0.0,KGZ,532057600.0,True
KGZ,2029,6432454.0,532057600.0,0.0,KGZ,532057600.0,True
KGZ,2030,6432454.0,532057600.0,0.0,KGZ,532057600.0,True
LAO,2026,6432454.0,532057600.0,0.0,LAO,532057600.0,True
LAO,2027,6432454.0,532057600.0,0.0,LAO,532057600.0,True
LAO,2028,6432454.0,532057600.0,0.0,LAO,532057600.0,True
LAO,2029,6432454.0,532057600.0,0.0,LAO,532057600.0,True
LAO,2030,6432454.0,532057600.0,0.0,LAO,532057600.0,True
LBN,2026,6432454.0,532057600.0,370201879.6832639,LBN,161855720.3167361,True
LBN,2027,6432454.0,532057600.0,386446037.47303265,LBN,145611562.52696735,True
LBN,2028,6432454.0,532057600.0,402690195.26280135,LBN,129367404.73719865,True
LBN,2029,6432454.0,532057600.0,418978857.59445995,LBN,113078742.40554005,True
LBN,2030,6432454.0,532057600.0,435223015.38422865,LBN,96834584.61577135,True
IRQ,2026,6432454.0,532057600.0,0.0,LBN | TUR | EGY | JOR | IRQ,532057600.0,True
IRQ,2027,6432454.0,532057600.0,0.0,LBN | TUR | EGY | JOR | IRQ,532057600.0,True
IRQ,2028,6432454.0,532057600.0,0.0,LBN | TUR | EGY | JOR | IRQ,532057600.0,True
IRQ,2029,6432454.0,532057600.0,0.0,LBN | TUR | EGY | JOR | IRQ,532057600.0,True
IRQ,2030,6432454.0,532057600.0,0.0,LBN | TUR | EGY | JOR | IRQ,532057600.0,True
LBR,2026,6432454.0,532057600.0,79170547.30715142,LBR,452887052.69284856,True
LBR,2027,6432454.0,532057600.0,79040460.32633506,LBR,453017139.6736649,True
LBR,2028,6432454.0,532057600.0,78910373.3455187,LBR,453147226.6544813,True
LBR,2029,6432454.0,532057600.0,78779929.96201517,LBR,453277670.03798485,True
LBR,2030,6432454.0,532057600.0,78649842.9811988,LBR,453407757.0188012,True
SLE,2026,6432454.0,532057600.0,0.0,LBR | GIN | SLE,532057600.0,True
SLE,2027,6432454.0,532057600.0,0.0,LBR | GIN | SLE,532057600.0,True
SLE,2028,6432454.0,532057600.0,0.0,LBR | GIN | SLE,532057600.0,True
SLE,2029,6432454.0,532057600.0,0.0,LBR | GIN | SLE,532057600.0,True
SLE,2030,6432454.0,532057600.0,0.0,LBR | GIN | SLE,532057600.0,True
GNB,2026,6432454.0,532057600.0,0.0,LBR | MLI | GIN | GHA | NER | SEN | TGO | BFA | GMB | MRT | SLE | BEN | GNB,532057600.0,True
GNB,2027,6432454.0,532057600.0,0.0,LBR | MLI | GIN | GHA | NER | SEN | TGO | BFA | GMB | MRT | SLE | BEN | GNB,532057600.0,True
GNB,2028,6432454.0,532057600.0,0.0,LBR | MLI | GIN | GHA | NER | SEN | TGO | BFA | GMB | MRT | SLE | BEN | GNB,532057600.0,True
GNB,2029,6432454.0,532057600.0,0.0,LBR | MLI | GIN | GHA | NER | SEN | TGO | BFA | GMB | MRT | SLE | BEN | GNB,532057600.0,True
GNB,2030,6432454.0,532057600.0,0.0,LBR | MLI | GIN | GHA | NER | SEN | TGO | BFA | GMB | MRT | SLE | BEN | GNB,532057600.0,True
LBY,2026,6432454.0,532057600.0,73532467.93788213,LBY,458525132.0621179,True
LBY,2027,6432454.0,532057600.0,63499747.7684198,LBY,468557852.2315802,True
LBY,2028,6432454.0,532057600.0,53467027.59895747,LBY,478590572.4010425,True
LBY,2029,6432454.0,532057600.0,43406820.52492127,LBY,488650779.4750787,True
LBY,2030,6432454.0,532057600.0,33374100.35545894,LBY,498683499.6445411,True
EGY,2026,6432454.0,532057600.0,0.0,LBY | NER | TUN | EGY,532057600.0,True
EGY,2027,6432454.0,532057600.0,0.0,LBY | NER | TUN | EGY,532057600.0,True
EGY,2028,6432454.0,532057600.0,0.0,LBY | NER | TUN | EGY,532057600.0,True
EGY,2029,6432454.0,532057600.0,0.0,LBY | NER | TUN | EGY,532057600.0,True
EGY,2030,6432454.0,532057600.0,0.0,LBY | NER | TUN | EGY,532057600.0,True
EGY,2026,6432454.0,532057600.0,0.0,LBY | TCD | SSD | UGA | ETH | CAF | EGY,532057600.0,True
EGY,2027,6432454.0,532057600.0,0.0,LBY | TCD | SSD | UGA | ETH | CAF | EGY,532057600.0,True
EGY,2028,6432454.0,532057600.0,0.0,LBY | TCD | SSD | UGA | ETH | CAF | EGY,532057600.0,True
EGY,2029,6432454.0,532057600.0,0.0,LBY | TCD | SSD | UGA | ETH | CAF | EGY,532057600.0,True
EGY,2030,6432454.0,532057600.0,0.0,LBY | TCD | SSD | UGA | ETH | CAF | EGY,532057600.0,True
ETH,2026,6432454.0,532057600.0,0.0,LBY | UGA | EGY | ETH,532057600.0,True
ETH,2027,6432454.0,532057600.0,0.0,LBY | UGA | EGY | ETH,532057600.0,True
ETH,2028,6432454.0,532057600.0,0.0,LBY | UGA | EGY | ETH,532057600.0,True
ETH,2029,6432454.0,532057600.0,0.0,LBY | UGA | EGY | ETH,532057600.0,True
ETH,2030,6432454.0,532057600.0,0.0,LBY | UGA | EGY | ETH,532057600.0,True
LKA,2026,6432454.0,532057600.0,283385879.9004854,LKA,248671720.0995146,True
LKA,2027,6432454.0,532057600.0,289947892.47706735,LKA,242109707.52293265,True
LKA,2028,6432454.0,532057600.0,296509905.0536493,LKA,235547694.9463507,True
LKA,2029,6432454.0,532057600.0,303089895.7468794,LKA,228967704.2531206,True
LKA,2030,6432454.0,532057600.0,309651908.32346123,LKA,222405691.67653877,True
LSO,2026,6432454.0,532057600.0,52319615.68179017,LSO,479737984.3182098,True
LSO,2027,6432454.0,532057600.0,54148188.90413682,LSO,477909411.09586316,True
LSO,2028,6432454.0,532057600.0,55976762.12648345,LSO,476080837.87351656,True
LSO,2029,6432454.0,532057600.0,57810345.13848037,LSO,474247254.86151963,True
LSO,2030,6432454.0,532057600.0,59638918.360827,LSO,472418681.63917303,True
MDG,2026,6432454.0,532057600.0,170171135.33412325,MDG,361886464.66587675,True
MDG,2027,6432454.0,532057600.0,178479251.28520694,MDG,353578348.7147931,True
MDG,2028,6432454.0,532057600.0,186787367.23629063,MDG,345270232.76370937,True
MDG,2029,6432454.0,532057600.0,195118245.14888415,MDG,336939354.8511158,True
MDG,2030,6432454.0,532057600.0,203426361.09996784,MDG,328631238.90003216,True
PRY,2026,6432454.0,532057600.0,0.0,MEX | ECU | BRA | COL | DOM | ARG | CRI | PER | GUY | ABW | TTO | CHL | CUW | URY | PAN | PRY,532057600.0,True
PRY,2027,6432454.0,532057600.0,0.0,MEX | ECU | BRA | COL | DOM | ARG | CRI | PER | GUY | ABW | TTO | CHL | CUW | URY | PAN | PRY,532057600.0,True
PRY,2028,6432454.0,532057600.0,0.0,MEX | ECU | BRA | COL | DOM | ARG | CRI | PER | GUY | ABW | TTO | CHL | CUW | URY | PAN | PRY,532057600.0,True
PRY,2029,6432454.0,532057600.0,0.0,MEX | ECU | BRA | COL | DOM | ARG | CRI | PER | GUY | ABW | TTO | CHL | CUW | URY | PAN | PRY,532057600.0,True
PRY,2030,6432454.0,532057600.0,0.0,MEX | ECU | BRA | COL | DOM | ARG | CRI | PER | GUY | ABW | TTO | CHL | CUW | URY | PAN | PRY,532057600.0,True
PAN,2026,6432454.0,532057600.0,0.0,MEX | PER | TTO | ABW | BOL | ARG | CRI | DOM | ECU | COL | BRA | CHL | CUW | GUY | PRY | URY | PAN,532057600.0,True
PAN,2027,6432454.0,532057600.0,0.0,MEX | PER | TTO | ABW | BOL | ARG | CRI | DOM | ECU | COL | BRA | CHL | CUW | GUY | PRY | URY | PAN,532057600.0,True
PAN,2028,6432454.0,532057600.0,0.0,MEX | PER | TTO | ABW | BOL | ARG | CRI | DOM | ECU | COL | BRA | CHL | CUW | GUY | PRY | URY | PAN,532057600.0,True
PAN,2029,6432454.0,532057600.0,0.0,MEX | PER | TTO | ABW | BOL | ARG | CRI | DOM | ECU | COL | BRA | CHL | CUW | GUY | PRY | URY | PAN,532057600.0,True
PAN,2030,6432454.0,532057600.0,0.0,MEX | PER | TTO | ABW | BOL | ARG | CRI | DOM | ECU | COL | BRA | CHL | CUW | GUY | PRY | URY | PAN,532057600.0,True
MLI,2026,6431564.5,549765760.0,747908412.4479475,MLI,-198142652.4479475,False
MLI,2027,6431564.5,549765760.0,782740362.8481648,MLI,-232974602.8481648,False
MLI,2028,6431564.5,549765760.0,817572313.248382,MLI,-267806553.24838197,False
MLI,2029,6431564.5,549765760.0,852499693.6496958,MLI,-302733933.64969575,False
MLI,2030,6431564.5,549765760.0,887331644.0499128,MLI,-337565884.0499128,False
CMR,2026,6432454.0,532057600.0,-224513749.0326186,MLI | NER | NGA | SEN | BFA | TCD | GMB | MRT | CMR,756571349.0326186,True
CMR,2027,6432454.0,532057600.0,-246875616.61369464,MLI | NER | NGA | SEN | BFA | TCD | GMB | MRT | CMR,778933216.6136947,True
CMR,2028,6432454.0,532057600.0,-269237484.19477063,MLI | NER | NGA | SEN | BFA | TCD | GMB | MRT | CMR,801295084.1947706,True
CMR,2029,6432454.0,532057600.0,-291660617.16647977,MLI | NER | NGA | SEN | BFA | TCD | GMB | MRT | CMR,823718217.1664798,True
CMR,2030,6432454.0,532057600.0,-314022484.7475558,MLI | NER | NGA | SEN | BFA | TCD | GMB | MRT | CMR,846080084.7475557,True
GNB,2026,6432454.0,532057600.0,0.0,MLI | NER | SEN | TGO | BFA | MRT | GNB,532057600.0,True
GNB,2027,6432454.0,532057600.0,0.0,MLI | NER | SEN | TGO | BFA | MRT | GNB,532057600.0,True
GNB,2028,6432454.0,532057600.0,0.0,MLI | NER | SEN | TGO | BFA | MRT | GNB,532057600.0,True
GNB,2029,6432454.0,532057600.0,0.0,MLI | NER | SEN | TGO | BFA | MRT | GNB,532057600.0,True
GNB,2030,6432454.0,532057600.0,0.0,MLI | NER | SEN | TGO | BFA | MRT | GNB,532057600.0,True
MMR,2026,1957179.8,889665860.0,905494441.204423,MMR,-15828585.20442295,False
MMR,2027,1957179.8,889665860.0,961001799.0112175,MMR,-71335943.01121747,False
MMR,2028,1957179.8,889665860.0,1016509156.8180116,MMR,-126843300.81801164,False
MMR,2029,1957179.8,889665860.0,1072168589.5777016,MMR,-182502733.57770157,False
MMR,2030,1957179.8,889665860.0,1127675947.384496,MMR,-238010091.38449597,False
MNG,2026,6432454.0,532057600.0,8060238.005177984,MNG,523997361.994822,True
MNG,2027,6432454.0,532057600.0,7453831.993661293,MNG,524603768.0063387,True
MNG,2028,6432454.0,532057600.0,6847425.982144603,MNG,525210174.0178554,True
MNG,2029,6432454.0,532057600.0,6239358.584294992,MNG,525818241.415705,True
MNG,2030,6432454.0,532057600.0,5632952.5727783,MNG,526424647.4272217,True
MOZ,2026,1305222.9,347437000.0,457461622.9704528,MOZ,-110024630.97045279,False
MOZ,2027,1305222.9,347437000.0,480087368.78489494,MOZ,-132650376.78489494,False
MOZ,2028,1305222.9,347437000.0,502713114.5993371,MOZ,-155276122.5993371,False
MOZ,2029,1305222.9,347437000.0,525400848.75847644,MOZ,-177963856.75847644,False
MOZ,2030,1305222.9,347437000.0,548026594.5729187,MOZ,-200589602.57291865,False
MOZ,2026,6432454.0,532057600.0,0.0,MOZ |  |  | ,532057600.0,True
MOZ,2027,6432454.0,532057600.0,0.0,MOZ |  |  | ,532057600.0,True
MOZ,2028,6432454.0,532057600.0,0.0,MOZ |  |  | ,532057600.0,True
MOZ,2029,6432454.0,532057600.0,0.0,MOZ |  |  | ,532057600.0,True
MOZ,2030,6432454.0,532057600.0,0.0,MOZ |  |  | ,532057600.0,True
MRT,2026,6432454.0,532057600.0,96831461.54273562,MRT,435226138.45726436,True
MRT,2027,6432454.0,532057600.0,97004881.50103045,MRT,435052718.49896955,True
MRT,2028,6432454.0,532057600.0,97178301.45932527,MRT,434879298.54067475,True
MRT,2029,6432454.0,532057600.0,97352196.54079351,MRT,434705403.45920646,True
MRT,2030,6432454.0,532057600.0,97525616.49908835,MRT,434531983.50091165,True
MWI,2026,6432454.0,532057600.0,76770973.19963211,MWI,455286626.8003679,True
MWI,2027,6432454.0,532057600.0,78741792.86101994,MWI,453315807.13898003,True
MWI,2028,6432454.0,532057600.0,80712612.5224078,MWI,451344987.47759223,True
MWI,2029,6432454.0,532057600.0,82688831.68971726,MWI,449368768.3102827,True
MWI,2030,6432454.0,532057600.0,84659651.3511051,MWI,447397948.6488949,True
NAM,2026,6432454.0,532057600.0,0.0,NAM,532057600.0,True
NAM,2027,6432454.0,532057600.0,0.0,NAM,532057600.0,True
NAM,2028,6432454.0,532057600.0,0.0,NAM,532057600.0,True
NAM,2029,6432454.0,532057600.0,0.0,NAM,532057600.0,True
NAM,2030,6432454.0,532057600.0,0.0,NAM,532057600.0,True
NER,2026,2580279.8,448517570.0,633025335.439232,NER,-184507767.439232,False
NER,2027,2580279.8,448517570.0,658498888.3845068,NER,-209981320.38450682,False
NER,2028,2580279.8,448517570.0,683972441.3297818,NER,-235454873.32978177,False
NER,2029,2580279.8,448517570.0,709515784.8310709,NER,-260998216.8310709,False
NER,2030,2580279.8,448517570.0,734989337.7763457,NER,-286471769.77634573,False
BDI,2026,6432454.0,532057600.0,0.0,NER | PRK | KEN | NGA | GUY | PAN | MEX | BRA | CUW |  | TTO | PER | URY | EGY | DJI | JOR | CRI | BFA | YEM | RWA | AGO | COG | ETH | TUR | PRY | ECU | SSD | SDN | SOM | IRQ | COD | LBN | CAF | MLI | BGD | ABW | CMR | UKR | UGA | VEN | TZA | ZMB | BOL | DOM | CHL | COL | TCD | AFG | SYR | ARG | LBY | IRN | PSE | MMR | HTI | BDI,532057600.0,True
BDI,2027,6432454.0,532057600.0,0.0,NER | PRK | KEN | NGA | GUY | PAN | MEX | BRA | CUW |  | TTO | PER | URY | EGY | DJI | JOR | CRI | BFA | YEM | RWA | AGO | COG | ETH | TUR | PRY | ECU | SSD | SDN | SOM | IRQ | COD | LBN | CAF | MLI | BGD | ABW | CMR | UKR | UGA | VEN | TZA | ZMB | BOL | DOM | CHL | COL | TCD | AFG | SYR | ARG | LBY | IRN | PSE | MMR | HTI | BDI,532057600.0,True
BDI,2028,6432454.0,532057600.0,0.0,NER | PRK | KEN | NGA | GUY | PAN | MEX | BRA | CUW |  | TTO | PER | URY | EGY | DJI | JOR | CRI | BFA | YEM | RWA | AGO | COG | ETH | TUR | PRY | ECU | SSD | SDN | SOM | IRQ | COD | LBN | CAF | MLI | BGD | ABW | CMR | UKR | UGA | VEN | TZA | ZMB | BOL | DOM | CHL | COL | TCD | AFG | SYR | ARG | LBY | IRN | PSE | MMR | HTI | BDI,532057600.0,True
BDI,2029,6432454.0,532057600.0,0.0,NER | PRK | KEN | NGA | GUY | PAN | MEX | BRA | CUW |  | TTO | PER | URY | EGY | DJI | JOR | CRI | BFA | YEM | RWA | AGO | COG | ETH | TUR | PRY | ECU | SSD | SDN | SOM | IRQ | COD | LBN | CAF | MLI | BGD | ABW | CMR | UKR | UGA | VEN | TZA | ZMB | BOL | DOM | CHL | COL | TCD | AFG | SYR | ARG | LBY | IRN | PSE | MMR | HTI | BDI,532057600.0,True
BDI,2030,6432454.0,532057600.0,0.0,NER | PRK | KEN | NGA | GUY | PAN | MEX | BRA | CUW |  | TTO | PER | URY | EGY | DJI | JOR | CRI | BFA | YEM | RWA | AGO | COG | ETH | TUR | PRY | ECU | SSD | SDN | SOM | IRQ | COD | LBN | CAF | MLI | BGD | ABW | CMR | UKR | UGA | VEN | TZA | ZMB | BOL | DOM | CHL | COL | TCD | AFG | SYR | ARG | LBY | IRN | PSE | MMR | HTI | BDI,532057600.0,True
NGA,2026,7847021.5,514112580.0,1178117322.4008174,NGA,-664004746.4008174,False
NGA,2027,7847021.5,514112580.0,1248220011.2983654,NGA,-734107435.2983654,False
NGA,2028,7847021.5,514112580.0,1318322700.1959128,NGA,-804210124.1959128,False
NGA,2029,7847021.5,514112580.0,1388617451.2548237,NGA,-874504875.2548237,False
NGA,2030,7847021.5,514112580.0,1458720140.1523714,NGA,-944607564.1523714,False
NGA,2026,6432454.0,532057600.0,0.0,NGA |  |  | ,532057600.0,True
NGA,2027,6432454.0,532057600.0,0.0,NGA |  |  | ,532057600.0,True
NGA,2028,6432454.0,532057600.0,0.0,NGA |  |  | ,532057600.0,True
NGA,2029,6432454.0,532057600.0,0.0,NGA |  |  | ,532057600.0,True
NGA,2030,6432454.0,532057600.0,0.0,NGA |  |  | ,532057600.0,True
NIC,2026,6432454.0,532057600.0,0.0,NIC,532057600.0,True
NIC,2027,6432454.0,532057600.0,0.0,NIC,532057600.0,True
NIC,2028,6432454.0,532057600.0,0.0,NIC,532057600.0,True
NIC,2029,6432454.0,532057600.0,0.0,NIC,532057600.0,True
NIC,2030,6432454.0,532057600.0,0.0,NIC,532057600.0,True
NPL,2026,6432454.0,532057600.0,149983809.2333264,NPL,382073790.76667356,True
NPL,2027,6432454.0,532057600.0,150558596.05245042,NPL,381499003.9475496,True
NPL,2028,6432454.0,532057600.0,151133382.87157443,NPL,380924217.1284256,True
NPL,2029,6432454.0,532057600.0,151709744.44910705,NPL,380347855.55089295,True
NPL,2030,6432454.0,532057600.0,152284531.26823106,NPL,379773068.73176897,True
PAK,2026,6432454.0,532057600.0,76599585.0159573,PAK,455458014.9840427,True
PAK,2027,6432454.0,532057600.0,34861464.41962267,PAK,497196135.58037734,True
PAK,2028,6432454.0,532057600.0,-6876656.176711816,PAK,538934256.1767118,True
PAK,2029,6432454.0,532057600.0,-48729127.788378984,PAK,580786727.788379,True
PAK,2030,6432454.0,532057600.0,-90467248.38471377,PAK,622524848.3847138,True
IRN,2026,6432454.0,532057600.0,0.0,PAK | IRN,532057600.0,True
IRN,2027,6432454.0,532057600.0,0.0,PAK | IRN,532057600.0,True
IRN,2028,6432454.0,532057600.0,0.0,PAK | IRN,532057600.0,True
IRN,2029,6432454.0,532057600.0,0.0,PAK | IRN,532057600.0,True
IRN,2030,6432454.0,532057600.0,0.0,PAK | IRN,532057600.0,True
PER,2026,6432454.0,532057600.0,0.0,PER,532057600.0,True
PER,2027,6432454.0,532057600.0,0.0,PER,532057600.0,True
PER,2028,6432454.0,532057600.0,0.0,PER,532057600.0,True
PER,2029,6432454.0,532057600.0,0.0,PER,532057600.0,True
PER,2030,6432454.0,532057600.0,0.0,PER,532057600.0,True
MEX,2026,6432454.0,532057600.0,0.0,PER | ECU | GUY | BRA | CUW | BOL | COL | DOM | URY | ARG | ABW | PRY | CRI | PAN | TTO | CHL | MEX,532057600.0,True
MEX,2027,6432454.0,532057600.0,0.0,PER | ECU | GUY | BRA | CUW | BOL | COL | DOM | URY | ARG | ABW | PRY | CRI | PAN | TTO | CHL | MEX,532057600.0,True
MEX,2028,6432454.0,532057600.0,0.0,PER | ECU | GUY | BRA | CUW | BOL | COL | DOM | URY | ARG | ABW | PRY | CRI | PAN | TTO | CHL | MEX,532057600.0,True
MEX,2029,6432454.0,532057600.0,0.0,PER | ECU | GUY | BRA | CUW | BOL | COL | DOM | URY | ARG | ABW | PRY | CRI | PAN | TTO | CHL | MEX,532057600.0,True
MEX,2030,6432454.0,532057600.0,0.0,PER | ECU | GUY | BRA | CUW | BOL | COL | DOM | URY | ARG | ABW | PRY | CRI | PAN | TTO | CHL | MEX,532057600.0,True
PHL,2026,6432454.0,532057600.0,132183177.17550543,PHL,399874422.8244946,True
PHL,2027,6432454.0,532057600.0,132127113.5753018,PHL,399930486.42469823,True
PHL,2028,6432454.0,532057600.0,132071049.9750982,PHL,399986550.0249018,True
PHL,2029,6432454.0,532057600.0,132014832.77598993,PHL,400042767.22401005,True
PHL,2030,6432454.0,532057600.0,131958769.1757863,PHL,400098830.8242137,True
PRK,2026,6432454.0,532057600.0,43526681.43842165,PRK,488530918.56157833,True
PRK,2027,6432454.0,532057600.0,34679405.73044389,PRK,497378194.2695561,True
PRK,2028,6432454.0,532057600.0,25832130.022466164,PRK,506225469.9775338,True
PRK,2029,6432454.0,532057600.0,16960615.20295971,PRK,515096984.7970403,True
PRK,2030,6432454.0,532057600.0,8113339.4949819455,PRK,523944260.50501806,True
BOL,2026,6432454.0,532057600.0,0.0,PRY | MEX | CUW | ECU | BRA | COL | PAN | CRI | ARG | GUY | CHL | ABW | TTO | PER | URY | DOM | BOL,532057600.0,True
BOL,2027,6432454.0,532057600.0,0.0,PRY | MEX | CUW | ECU | BRA | COL | PAN | CRI | ARG | GUY | CHL | ABW | TTO | PER | URY | DOM | BOL,532057600.0,True
BOL,2028,6432454.0,532057600.0,0.0,PRY | MEX | CUW | ECU | BRA | COL | PAN | CRI | ARG | GUY | CHL | ABW | TTO | PER | URY | DOM | BOL,532057600.0,True
BOL,2029,6432454.0,532057600.0,0.0,PRY | MEX | CUW | ECU | BRA | COL | PAN | CRI | ARG | GUY | CHL | ABW | TTO | PER | URY | DOM | BOL,532057600.0,True
BOL,2030,6432454.0,532057600.0,0.0,PRY | MEX | CUW | ECU | BRA | COL | PAN | CRI | ARG | GUY | CHL | ABW | TTO | PER | URY | DOM | BOL,532057600.0,True
PSE,2026,6432454.0,532057600.0,2030017697.78335,PSE,-1497960097.78335,False
PSE,2027,6432454.0,532057600.0,2122818032.7133105,PSE,-1590760432.7133105,False
PSE,2028,6432454.0,532057600.0,2215618367.643272,PSE,-1683560767.643272,False
PSE,2029,6432454.0,532057600.0,2308672950.0661917,PSE,-1776615350.0661917,False
PSE,2030,6432454.0,532057600.0,2401473284.996153,PSE,-1869415684.9961529,False
PSE,2026,6432454.0,532057600.0,0.0,PSE |  | ,532057600.0,True
PSE,2027,6432454.0,532057600.0,0.0,PSE |  | ,532057600.0,True
PSE,2028,6432454.0,532057600.0,0.0,PSE |  | ,532057600.0,True
PSE,2029,6432454.0,532057600.0,0.0,PSE |  | ,532057600.0,True
PSE,2030,6432454.0,532057600.0,0.0,PSE |  | ,532057600.0,True
RUS,2026,6432454.0,532057600.0,161515812.58252698,RUS,370541787.417473,True
RUS,2027,6432454.0,532057600.0,166366782.49236548,RUS,365690817.5076345,True
RUS,2028,6432454.0,532057600.0,171217752.40220398,RUS,360839847.597796,True
RUS,2029,6432454.0,532057600.0,176082012.6405626,RUS,355975587.3594374,True
RUS,2030,6432454.0,532057600.0,180932982.55040106,RUS,351124617.4495989,True
SDN,2026,30440766.0,2864380700.0,2425772338.2712646,SDN,438608333.72873545,True
SDN,2027,30440766.0,2864380700.0,2501458856.1312695,SDN,362921815.86873055,False
SDN,2028,30440766.0,2864380700.0,2577145373.9912753,SDN,287235298.0087247,False
SDN,2029,30440766.0,2864380700.0,2653039252.174185,SDN,211341419.8258152,False
SDN,2030,30440766.0,2864380700.0,2728725770.0341897,SDN,135654901.9658103,False
SEN,2026,6432454.0,532057600.0,-102343500.87255813,SEN,634401100.8725581,True
SEN,2027,6432454.0,532057600.0,-116099695.47429222,SEN,648157295.4742923,True
SEN,2028,6432454.0,532057600.0,-129855890.07602635,SEN,661913490.0760263,True
SEN,2029,6432454.0,532057600.0,-143649772.88214877,SEN,675707372.8821487,True
SEN,2030,6432454.0,532057600.0,-157405967.48388284,SEN,689463567.4838829,True
SLB,2026,6432454.0,532057600.0,0.0,SLB,532057600.0,True
SLB,2027,6432454.0,532057600.0,0.0,SLB,532057600.0,True
SLB,2028,6432454.0,532057600.0,0.0,SLB,532057600.0,True
SLB,2029,6432454.0,532057600.0,0.0,SLB,532057600.0,True
SLB,2030,6432454.0,532057600.0,0.0,SLB,532057600.0,True
SLE,2026,6432454.0,532057600.0,61646845.32539639,SLE,470410754.6746036,True
SLE,2027,6432454.0,532057600.0,60938137.61114349,SLE,471119462.38885653,True
SLE,2028,6432454.0,532057600.0,60229429.89689061,SLE,471828170.10310936,True
SLE,2029,6432454.0,532057600.0,59518780.51766717,SLE,472538819.4823328,True
SLE,2030,6432454.0,532057600.0,58810072.80341426,SLE,473247527.1965857,True
SLV,2026,821771.56,158911500.0,93300870.58501807,SLV,65610633.41498193,True
SLV,2027,821771.56,158911500.0,97702536.97484446,SLV,61208967.025155544,True
SLV,2028,821771.56,158911500.0,102104203.36467086,SLV,56807300.63532914,True
SLV,2029,821771.56,158911500.0,106517929.1144694,SLV,52393574.885530606,True
SLV,2030,821771.56,158911500.0,110919595.5042958,SLV,47991908.495704204,True
SOM,2026,5979780.5,849622460.0,1934672404.9604814,SOM,-1085049940.9604814,False
SOM,2027,5979780.5,849622460.0,2010712311.9874406,SOM,-1161089847.9874406,False
SOM,2028,5979780.5,849622460.0,2086752219.0144002,SOM,-1237129755.0144002,False
SOM,2029,5979780.5,849622460.0,2163000454.553763,SOM,-1313377990.553763,False
SOM,2030,5979780.5,849622460.0,2239040361.580722,SOM,-1389417897.5807219,False
SSD,2026,9290061.0,1462970100.0,2035397697.6417706,SSD,-572427585.6417706,False
SSD,2027,9290061.0,1462970100.0,2095801594.551229,SSD,-632831482.551229,False
SSD,2028,9290061.0,1462970100.0,2156205491.4606867,SSD,-693235379.4606867,False
SSD,2029,9290061.0,1462970100.0,2216774878.4986644,SSD,-753804766.4986644,False
SSD,2030,9290061.0,1462970100.0,2277178775.4081225,SSD,-814208663.4081225,False
ROU,2026,6432454.0,532057600.0,0.0,SVK | MDA | POL | HUN | ROU,532057600.0,True
ROU,2027,6432454.0,532057600.0,0.0,SVK | MDA | POL | HUN | ROU,532057600.0,True
ROU,2028,6432454.0,532057600.0,0.0,SVK | MDA | POL | HUN | ROU,532057600.0,True
ROU,2029,6432454.0,532057600.0,0.0,SVK | MDA | POL | HUN | ROU,532057600.0,True
ROU,2030,6432454.0,532057600.0,0.0,SVK | MDA | POL | HUN | ROU,532057600.0,True
LVA,2026,6432454.0,532057600.0,0.0,SVK | POL | CZE | EST | BGR | HUN | MDA | ROU | LTU | LVA,532057600.0,True
LVA,2027,6432454.0,532057600.0,0.0,SVK | POL | CZE | EST | BGR | HUN | MDA | ROU | LTU | LVA,532057600.0,True
LVA,2028,6432454.0,532057600.0,0.0,SVK | POL | CZE | EST | BGR | HUN | MDA | ROU | LTU | LVA,532057600.0,True
LVA,2029,6432454.0,532057600.0,0.0,SVK | POL | CZE | EST | BGR | HUN | MDA | ROU | LTU | LVA,532057600.0,True
LVA,2030,6432454.0,532057600.0,0.0,SVK | POL | CZE | EST | BGR | HUN | MDA | ROU | LTU | LVA,532057600.0,True
EST,2026,6432454.0,532057600.0,0.0,SVK | POL | ROU | BGR | LVA | HUN | LTU | CZE | MDA | EST,532057600.0,True
EST,2027,6432454.0,532057600.0,0.0,SVK | POL | ROU | BGR | LVA | HUN | LTU | CZE | MDA | EST,532057600.0,True
EST,2028,6432454.0,532057600.0,0.0,SVK | POL | ROU | BGR | LVA | HUN | LTU | CZE | MDA | EST,532057600.0,True
EST,2029,6432454.0,532057600.0,0.0,SVK | POL | ROU | BGR | LVA | HUN | LTU | CZE | MDA | EST,532057600.0,True
EST,2030,6432454.0,532057600.0,0.0,SVK | POL | ROU | BGR | LVA | HUN | LTU | CZE | MDA | EST,532057600.0,True
SWZ,2026,6432454.0,532057600.0,55336622.668453746,SWZ,476720977.33154625,True
SWZ,2027,6432454.0,532057600.0,57306543.58972778,SWZ,474751056.41027224,True
SWZ,2028,6432454.0,532057600.0,59276464.51100182,SWZ,472781135.4889982,True
SWZ,2029,6432454.0,532057600.0,61251782.475895785,SWZ,470805817.52410424,True
SWZ,2030,6432454.0,532057600.0,63221703.39716981,SWZ,468835896.6028302,True
SYR,2026,6432454.0,532057600.0,5366378903.803898,SYR,-4834321303.803898,False
SYR,2027,6432454.0,532057600.0,5651993299.32495,SYR,-5119935699.32495,False
SYR,2028,6432454.0,532057600.0,5937607694.846,SYR,-5405550094.846,False
SYR,2029,6432454.0,532057600.0,6224004595.560261,SYR,-5691946995.560261,False
SYR,2030,6432454.0,532057600.0,6509618991.081313,SYR,-5977561391.081313,False
TCD,2026,7048998.0,974550800.0,993366478.9308358,TCD,-18815694.930835843,False
TCD,2027,7048998.0,974550800.0,1030800845.4632924,TCD,-56250061.46329236,False
TCD,2028,7048998.0,974550800.0,1068235211.9957488,TCD,-93684427.99574876,False
TCD,2029,7048998.0,974550800.0,1105772138.4365137,TCD,-131221354.43651366,False
TCD,2030,7048998.0,974550800.0,1143206504.96897,TCD,-168655720.96897006,False
TGO,2026,6432454.0,532057600.0,0.0,TGO,532057600.0,True
TGO,2027,6432454.0,532057600.0,0.0,TGO,532057600.0,True
TGO,2028,6432454.0,532057600.0,0.0,TGO,532057600.0,True
TGO,2029,6432454.0,532057600.0,0.0,TGO,532057600.0,True
TGO,2030,6432454.0,532057600.0,0.0,TGO,532057600.0,True
TJK,2026,6432454.0,532057600.0,-47130028.07675678,TJK,579187628.0767568,True
TJK,2027,6432454.0,532057600.0,-51336662.36251854,TJK,583394262.3625185,True
TJK,2028,6432454.0,532057600.0,-55543296.6482803,TJK,587600896.6482803,True
TJK,2029,6432454.0,532057600.0,-59761455.959482506,TJK,591819055.9594826,True
TJK,2030,6432454.0,532057600.0,-63968090.245244265,TJK,596025690.2452443,True
TLS,2026,6432454.0,532057600.0,-348893983.7184826,TLS,880951583.7184826,True
TLS,2027,6432454.0,532057600.0,-368953477.45709443,TLS,901011077.4570944,True
TLS,2028,6432454.0,532057600.0,-389012971.1957063,TLS,921070571.1957064,True
TLS,2029,6432454.0,532057600.0,-409127422.4514101,TLS,941185022.45141,True
TLS,2030,6432454.0,532057600.0,-429186916.19002193,TLS,961244516.190022,True
TUR,2026,6432454.0,532057600.0,0.0,TUR,532057600.0,True
TUR,2027,6432454.0,532057600.0,0.0,TUR,532057600.0,True
TUR,2028,6432454.0,532057600.0,0.0,TUR,532057600.0,True
TUR,2029,6432454.0,532057600.0,0.0,TUR,532057600.0,True
TUR,2030,6432454.0,532057600.0,0.0,TUR,532057600.0,True
TZA,2026,6432454.0,532057600.0,188897151.7037119,TZA,343160448.29628813,True
TZA,2027,6432454.0,532057600.0,194374486.4171492,TZA,337683113.5828508,True
TZA,2028,6432454.0,532057600.0,199851821.1305865,TZA,332205778.8694135,True
TZA,2029,6432454.0,532057600.0,205344162.24049896,TZA,326713437.75950104,True
TZA,2030,6432454.0,532057600.0,210821496.95393625,TZA,321236103.0460638,True
ETH,2026,6432454.0,532057600.0,0.0,TZA | KEN | DJI | SOM | ETH,532057600.0,True
ETH,2027,6432454.0,532057600.0,0.0,TZA | KEN | DJI | SOM | ETH,532057600.0,True
ETH,2028,6432454.0,532057600.0,0.0,TZA | KEN | DJI | SOM | ETH,532057600.0,True
ETH,2029,6432454.0,532057600.0,0.0,TZA | KEN | DJI | SOM | ETH,532057600.0,True
ETH,2030,6432454.0,532057600.0,0.0,TZA | KEN | DJI | SOM | ETH,532057600.0,True
BDI,2026,6432454.0,532057600.0,0.0,TZA | RWA | BDI,532057600.0,True
BDI,2027,6432454.0,532057600.0,0.0,TZA | RWA | BDI,532057600.0,True
BDI,2028,6432454.0,532057600.0,0.0,TZA | RWA | BDI,532057600.0,True
BDI,2029,6432454.0,532057600.0,0.0,TZA | RWA | BDI,532057600.0,True
BDI,2030,6432454.0,532057600.0,0.0,TZA | RWA | BDI,532057600.0,True
UGA,2026,6432454.0,532057600.0,0.0,TZA | RWA | UGA,532057600.0,True
UGA,2027,6432454.0,532057600.0,0.0,TZA | RWA | UGA,532057600.0,True
UGA,2028,6432454.0,532057600.0,0.0,TZA | RWA | UGA,532057600.0,True
UGA,2029,6432454.0,532057600.0,0.0,TZA | RWA | UGA,532057600.0,True
UGA,2030,6432454.0,532057600.0,0.0,TZA | RWA | UGA,532057600.0,True
COG,2026,6432454.0,532057600.0,0.0,TZA | UGA | RWA | ZMB | AGO | BDI | COG,532057600.0,True
COG,2027,6432454.0,532057600.0,0.0,TZA | UGA | RWA | ZMB | AGO | BDI | COG,532057600.0,True
COG,2028,6432454.0,532057600.0,0.0,TZA | UGA | RWA | ZMB | AGO | BDI | COG,532057600.0,True
COG,2029,6432454.0,532057600.0,0.0,TZA | UGA | RWA | ZMB | AGO | BDI | COG,532057600.0,True
COG,2030,6432454.0,532057600.0,0.0,TZA | UGA | RWA | ZMB | AGO | BDI | COG,532057600.0,True
UGA,2026,6432454.0,532057600.0,383331050.38479775,UGA,148726549.61520225,True
UGA,2027,6432454.0,532057600.0,392904543.0576743,UGA,139153056.9423257,True
UGA,2028,6432454.0,532057600.0,402478035.7305509,UGA,129579564.26944911,True
UGA,2029,6432454.0,532057600.0,412077757.15047634,UGA,119979842.84952366,True
UGA,2030,6432454.0,532057600.0,421651249.823353,UGA,110406350.17664701,True
KEN,2026,6432454.0,532057600.0,0.0,UGA | ETH | KEN,532057600.0,True
KEN,2027,6432454.0,532057600.0,0.0,UGA | ETH | KEN,532057600.0,True
KEN,2028,6432454.0,532057600.0,0.0,UGA | ETH | KEN,532057600.0,True
KEN,2029,6432454.0,532057600.0,0.0,UGA | ETH | KEN,532057600.0,True
KEN,2030,6432454.0,532057600.0,0.0,UGA | ETH | KEN,532057600.0,True
ETH,2026,6432454.0,532057600.0,0.0,UGA | KEN | ETH,532057600.0,True
ETH,2027,6432454.0,532057600.0,0.0,UGA | KEN | ETH,532057600.0,True
ETH,2028,6432454.0,532057600.0,0.0,UGA | KEN | ETH,532057600.0,True
ETH,2029,6432454.0,532057600.0,0.0,UGA | KEN | ETH,532057600.0,True
ETH,2030,6432454.0,532057600.0,0.0,UGA | KEN | ETH,532057600.0,True
COG,2026,6432454.0,532057600.0,0.0,UGA | RWA | TZA | AGO | BDI | ZMB | COG,532057600.0,True
COG,2027,6432454.0,532057600.0,0.0,UGA | RWA | TZA | AGO | BDI | ZMB | COG,532057600.0,True
COG,2028,6432454.0,532057600.0,0.0,UGA | RWA | TZA | AGO | BDI | ZMB | COG,532057600.0,True
COG,2029,6432454.0,532057600.0,0.0,UGA | RWA | TZA | AGO | BDI | ZMB | COG,532057600.0,True
COG,2030,6432454.0,532057600.0,0.0,UGA | RWA | TZA | AGO | BDI | ZMB | COG,532057600.0,True
RWA,2026,6432454.0,532057600.0,0.0,UGA | TZA | RWA,532057600.0,True
RWA,2027,6432454.0,532057600.0,0.0,UGA | TZA | RWA,532057600.0,True
RWA,2028,6432454.0,532057600.0,0.0,UGA | TZA | RWA,532057600.0,True
RWA,2029,6432454.0,532057600.0,0.0,UGA | TZA | RWA,532057600.0,True
RWA,2030,6432454.0,532057600.0,0.0,UGA | TZA | RWA,532057600.0,True
UKR,2026,12709060.0,2303716600.0,3560805759.647499,UKR,-1257089151.647499,False
UKR,2027,12709060.0,2303716600.0,3908912205.80794,UKR,-1605195597.80794,False
UKR,2028,12709060.0,2303716600.0,4257018651.9683805,UKR,-1953302043.9683805,False
UKR,2029,12709060.0,2303716600.0,4606078814.41967,UKR,-2302362206.41967,False
UKR,2030,12709060.0,2303716600.0,4954185260.580111,UKR,-2650468652.5801105,False
UKR,2026,6432454.0,532057600.0,0.0,UKR |  | ,532057600.0,True
UKR,2027,6432454.0,532057600.0,0.0,UKR |  | ,532057600.0,True
UKR,2028,6432454.0,532057600.0,0.0,UKR |  | ,532057600.0,True
UKR,2029,6432454.0,532057600.0,0.0,UKR |  | ,532057600.0,True
UKR,2030,6432454.0,532057600.0,0.0,UKR |  | ,532057600.0,True
PAK,2026,6432454.0,532057600.0,0.0,UZB | TKM | TJK | IRN | PAK,532057600.0,True
PAK,2027,6432454.0,532057600.0,0.0,UZB | TKM | TJK | IRN | PAK,532057600.0,True
PAK,2028,6432454.0,532057600.0,0.0,UZB | TKM | TJK | IRN | PAK,532057600.0,True
PAK,2029,6432454.0,532057600.0,0.0,UZB | TKM | TJK | IRN | PAK,532057600.0,True
PAK,2030,6432454.0,532057600.0,0.0,UZB | TKM | TJK | IRN | PAK,532057600.0,True
VCT,2026,6432454.0,532057600.0,0.0,VCT,532057600.0,True
VCT,2027,6432454.0,532057600.0,0.0,VCT,532057600.0,True
VCT,2028,6432454.0,532057600.0,0.0,VCT,532057600.0,True
VCT,2029,6432454.0,532057600.0,0.0,VCT,532057600.0,True
VCT,2030,6432454.0,532057600.0,0.0,VCT,532057600.0,True
VEN,2026,7943409.0,605346900.0,757854984.4761199,VEN,-152508104.47611988,False
VEN,2027,7943409.0,605346900.0,788945334.8015317,VEN,-183598454.80153167,False
VEN,2028,7943409.0,605346900.0,820035685.1269436,VEN,-214688805.1269436,False
VEN,2029,7943409.0,605346900.0,851211214.4943429,VEN,-245864334.49434292,False
VEN,2030,7943409.0,605346900.0,882301564.8197547,VEN,-276954684.8197547,False
VNM,2026,6432454.0,532057600.0,0.0,VNM,532057600.0,True
VNM,2027,6432454.0,532057600.0,0.0,VNM,532057600.0,True
VNM,2028,6432454.0,532057600.0,0.0,VNM,532057600.0,True
VNM,2029,6432454.0,532057600.0,0.0,VNM,532057600.0,True
VNM,2030,6432454.0,532057600.0,0.0,VNM,532057600.0,True
VUT,2026,6432454.0,532057600.0,0.0,VUT,532057600.0,True
VUT,2027,6432454.0,532057600.0,0.0,VUT,532057600.0,True
VUT,2028,6432454.0,532057600.0,0.0,VUT,532057600.0,True
VUT,2029,6432454.0,532057600.0,0.0,VUT,532057600.0,True
VUT,2030,6432454.0,532057600.0,0.0,VUT,532057600.0,True
YEM,2026,19540380.0,2472758000.0,4483701676.329517,YEM,-2010943660.3295174,False
YEM,2027,19540380.0,2472758000.0,4743043393.163686,YEM,-2270285377.163686,False
YEM,2028,19540380.0,2472758000.0,5002385109.997853,YEM,-2529627093.9978533,False
YEM,2029,19540380.0,2472758000.0,5262437352.083623,YEM,-2789679336.083623,False
YEM,2030,19540380.0,2472758000.0,5521779068.917791,YEM,-3049021052.9177914,False
ETH,2026,6432454.0,532057600.0,0.0,YEM | DJI | SOM | ETH,532057600.0,True
ETH,2027,6432454.0,532057600.0,0.0,YEM | DJI | SOM | ETH,532057600.0,True
ETH,2028,6432454.0,532057600.0,0.0,YEM | DJI | SOM | ETH,532057600.0,True
ETH,2029,6432454.0,532057600.0,0.0,YEM | DJI | SOM | ETH,532057600.0,True
ETH,2030,6432454.0,532057600.0,0.0,YEM | DJI | SOM | ETH,532057600.0,True
TZA,2026,6432454.0,532057600.0,0.0,YEM | KEN | DJI | SOM | ETH | TZA,532057600.0,True
TZA,2027,6432454.0,532057600.0,0.0,YEM | KEN | DJI | SOM | ETH | TZA,532057600.0,True
TZA,2028,6432454.0,532057600.0,0.0,YEM | KEN | DJI | SOM | ETH | TZA,532057600.0,True
TZA,2029,6432454.0,532057600.0,0.0,YEM | KEN | DJI | SOM | ETH | TZA,532057600.0,True
TZA,2030,6432454.0,532057600.0,0.0,YEM | KEN | DJI | SOM | ETH | TZA,532057600.0,True
ZMB,2026,6432454.0,532057600.0,143962180.47480962,ZMB,388095419.52519035,True
ZMB,2027,6432454.0,532057600.0,149343350.5723623,ZMB,382714249.4276377,True
ZMB,2028,6432454.0,532057600.0,154724520.66991502,ZMB,377333079.330085,True
ZMB,2029,6432454.0,532057600.0,160120433.69924182,ZMB,371937166.3007582,True
ZMB,2030,6432454.0,532057600.0,165501603.79679453,ZMB,366555996.20320547,True
UGA,2026,6432454.0,532057600.0,0.0,ZMB | COG | RWA | TZA | AGO | UGA,532057600.0,True
UGA,2027,6432454.0,532057600.0,0.0,ZMB | COG | RWA | TZA | AGO | UGA,532057600.0,True
UGA,2028,6432454.0,532057600.0,0.0,ZMB | COG | RWA | TZA | AGO | UGA,532057600.0,True
UGA,2029,6432454.0,532057600.0,0.0,ZMB | COG | RWA | TZA | AGO | UGA,532057600.0,True
UGA,2030,6432454.0,532057600.0,0.0,ZMB | COG | RWA | TZA | AGO | UGA,532057600.0,True
COG,2026,6432454.0,532057600.0,0.0,ZMB | TZA | RWA | UGA | AGO | COG,532057600.0,True
COG,2027,6432454.0,532057600.0,0.0,ZMB | TZA | RWA | UGA | AGO | COG,532057600.0,True
COG,2028,6432454.0,532057600.0,0.0,ZMB | TZA | RWA | UGA | AGO | COG,532057600.0,True
COG,2029,6432454.0,532057600.0,0.0,ZMB | TZA | RWA | UGA | AGO | COG,532057600.0,True
COG,2030,6432454.0,532057600.0,0.0,ZMB | TZA | RWA | UGA | AGO | COG,532057600.0,True
ZWE,2026,6432454.0,532057600.0,469028943.5510252,ZWE,63028656.44897479,False
ZWE,2027,6432454.0,532057600.0,476423310.8625321,ZWE,55634289.13746792,False
ZWE,2028,6432454.0,532057600.0,483817678.1740389,ZWE,48239921.82596111,False
ZWE,2029,6432454.0,532057600.0,491232304.02612525,ZWE,40825295.97387475,False
ZWE,2030,6432454.0,532057600.0,498626671.33763206,ZWE,33430928.66236794,False
BDI,2026,6432454.0,532057600.0,0.0,ZWE | YEM | BFA | BGD | VEN | ZMB | TUR | JOR | AGO | SDN | SLE | EGY | COL | TZA | SYR | RWA | TGO | SSD | SOM | PAK | PSE | MMR | LBR | LSO | IRN | COD | TCD | CMR | BEN | AFG |  | LBY | UKR | UGA | HTI | PHL | NGA | NER | MOZ | MLI | LBN | KEN | IRQ | ETH | ECU | PRK | DJI | CAF | BDI,532057600.0,True
BDI,2027,6432454.0,532057600.0,0.0,ZWE | YEM | BFA | BGD | VEN | ZMB | TUR | JOR | AGO | SDN | SLE | EGY | COL | TZA | SYR | RWA | TGO | SSD | SOM | PAK | PSE | MMR | LBR | LSO | IRN | COD | TCD | CMR | BEN | AFG |  | LBY | UKR | UGA | HTI | PHL | NGA | NER | MOZ | MLI | LBN | KEN | IRQ | ETH | ECU | PRK | DJI | CAF | BDI,532057600.0,True
BDI,2028,6432454.0,532057600.0,0.0,ZWE | YEM | BFA | BGD | VEN | ZMB | TUR | JOR | AGO | SDN | SLE | EGY | COL | TZA | SYR | RWA | TGO | SSD | SOM | PAK | PSE | MMR | LBR | LSO | IRN | COD | TCD | CMR | BEN | AFG |  | LBY | UKR | UGA | HTI | PHL | NGA | NER | MOZ | MLI | LBN | KEN | IRQ | ETH | ECU | PRK | DJI | CAF | BDI,532057600.0,True
BDI,2029,6432454.0,532057600.0,0.0,ZWE | YEM | BFA | BGD | VEN | ZMB | TUR | JOR | AGO | SDN | SLE | EGY | COL | TZA | SYR | RWA | TGO | SSD | SOM | PAK | PSE | MMR | LBR | LSO | IRN | COD | TCD | CMR | BEN | AFG |  | LBY | UKR | UGA | HTI | PHL | NGA | NER | MOZ | MLI | LBN | KEN | IRQ | ETH | ECU | PRK | DJI | CAF | BDI,532057600.0,True
BDI,2030,6432454.0,532057600.0,0.0,ZWE | YEM | BFA | BGD | VEN | ZMB | TUR | JOR | AGO | SDN | SLE | EGY | COL | TZA | SYR | RWA | TGO | SSD | SOM | PAK | PSE | MMR | LBR | LSO | IRN | COD | TCD | CMR | BEN | AFG |  | LBY | UKR | UGA | HTI | PHL | NGA | NER | MOZ | MLI | LBN | KEN | IRQ | ETH | ECU | PRK | DJI | CAF | BDI,532057600.0,True
